id,score
m.07jnt,11212
m.0f4_l,10447
m.07cyl,9660
m.0bdjd,9344
m.0hx4y,7289
m.01gc7,7190
m.0dtfn,6564
m.0c0zq,6161
m.0f4yh,5754
m.07j94,5656
m.0f3m1,5533
m.0dyb1,5446
m.0jnwx,5445
m.05znxx,5421
m.07cz2,5391
m.07024,5295
m.01dc0c,5093
m.0y_9q,4934
m.0bt4g,4809
m.0hwpz,4792
m.07gp9,4635
m.0ddjy,4525
m.011yd2,4300
m.017z49,4222
m.05h12k,4212
m.016fyc,4174
m.0hfzr,3972
m.0m63c,3914
m.01hp5,3689
m.07xtqq,3652
m.036r3f,3631
m.03yvf2,3621
m.017gl1,3596
m.0pb33,3588
m.01q7h2,3538
m.01npcx,3521
m.0dr3sl,3517
m.01_1hw,3504
m.02h4658,3457
m.035w2k,3430
m.017gm7,3375
m.07j6w,3374
m.0_7w6,3354
m.0ds2n,3282
m.011ypx,3273
m.067ghz,3221
m.07g1sm,3164
m.05567m,3135
m.011yhm,3112
m.017jd9,3104
m.011yqc,3021
m.014l6_,3003
m.011x_4,2914
m.01hr1,2895
m.01vksx,2843
m.01y_sf,2664
m.01sk1v,2646
m.02z9rr,2607
m.011ydl,2589
m.07bx6,2585
m.0jqn5,2541
m.07ghq,2526
m.04zl8,2417
m.06qyw,2415
m.037xlx,2409
m.0ft18,2409
m.070g7,2376
m.01gzmk,2366
m.07cw4,2341
m.02lgqm,2262
m.0y_pg,2261
m.016dj8,2240
m.01xlh5,2235
m.0277j40,2167
m.01d2v1,2164
m.01gzln,2148
m.0jsf6,2128
m.03936g,2107
m.01jrbv,2082
m.07nn0,2075
m.02_kd,2070
m.0dr_4,2055
m.02dwj,2024
m.0p3_y,2010
m.04sg0b,1996
m.0hqrx,1993
m.012s1d,1981
m.0qjzd,1974
m.09q5w2,1970
m.0m313,1952
m.011ycb,1936
m.01jrbb,1921
m.01s7w3,1904
m.02qm_f,1898
m.02fhm6,1895
m.0gjk1d,1870
m.011ykb,1869
m.0hmr4,1852
m.016z98,1848
m.011yg9,1847
m.06z8s_,1831
m.023vcd,1764
m.0f4vx,1677
m.08ct6,1675
m.06r2h,1651
m.082zg,1651
m.07bwr,1638
m.0jwvf,1620
m.02__34,1602
m.0d90m,1596
m.01z452,1586
m.0bxsk,1535
m.03kxj2,1528
m.059rc,1521
m.0m491,1496
m.0d87hc,1488
m.0c296,1469
m.09p4w8,1460
m.017kz7,1444
m.01f8hf,1418
m.07pd_j,1388
m.049kmb,1380
m.01h0_h,1373
m.01chyt,1341
m.034d47,1337
m.0676dr,1304
m.0422v0,1301
m.09m6kg,1300
m.09w353,1298
m.017n9,1292
m.0bp0wf,1259
m.02p76f9,1255
m.0jqd3,1255
m.027r9t,1238
m.0h_b6x1,1232
m.03s9kp,1228
m.0339_4,1205
m.06d_d3,1198
m.06fhhh,1174
m.01fmys,1130
m.036y_2,1125
m.0c3z0,1119
m.0320gs,1114
m.03y_zj,1096
m.04k2p,1080
m.02c7k4,1078
m.07tdzq,1061
m.0k4d7,1061
m.032_wv,1057
m.02chjf,1050
m.0hv4t,1039
m.09ldwy,1036
m.04q5g,1029
m.094g2z,1025
m.0k4f3,1009
m.0fvr1,1001
m.03dyd7,998
m.0p9tm,993
m.0nrnk,992
m.03hjw08,986
m.02d413,983
m.011yfd,982
m.02v6_c,982
m.0129g2,975
m.0yx_w,961
m.02zzbh,957
m.03xx0x,953
m.011yph,953
m.01sxly,945
m.04lhc4,936
m.02h22,923
m.0_b9f,920
m.02mt51,918
m.0209xj,917
m.0306c6,907
m.0170z3,892
m.01dh6f,891
m.01pgp6,891
m.01xdxy,880
m.0125xq,875
m.0h6r5,868
m.02wgk1,861
m.04wdfw,856
m.083skw,849
m.0c8tkt,846
m.037s6_,845
m.01pnf9,838
m.0jzw,834
m.06r2_,833
m.0k2sk,833
m.01hjmb,825
m.02q52q,817
m.0qf2t,815
m.06pxbc,815
m.0gw7p,814
m.011wtv,810
m.0bcy50,804
m.0m2kd,790
m.02fqrf,783
m.02fwfb,782
m.05kr4,778
m.09cr8,775
m.01hqhm,775
m.01hv3t,767
m.07cdz,764
m.0pdp8,763
m.01m3wp,762
m.021jdm,757
m.01mgw,757
m.023p7l,756
m.01qb5d,753
m.0bx0l,753
m.04fjzv,746
m.0372j5,727
m.08qb0q,722
m.03lrht,717
m.0163_s,711
m.05z7c,709
m.03mqwt,707
m.0291ck,705
m.07cfg,704
m.01c22t,697
m.0gltv,694
m.02lk60,692
m.016ky6,692
m.03bxp5,688
m.012mrr,686
m.0ddt_,677
m.04vr_f,659
m.091z_p,656
m.0sy44,654
m.02b61v,653
m.05ldxl,638
m.061681,636
m.0jyx6,634
m.0gyv0b4,634
m.0k_9j,632
m.0dbwm,630
m.03r0g9,628
m.03tn80,627
m.0bscw,622
m.026lgs,620
m.0yzbg,620
m.01hvjx,614
m.03176f,609
m.05gv03,606
m.03fts,606
m.011yrp,602
m.015gsf,599
m.0pv3x,594
m.02lxrv,591
m.0ccck7,587
m.011yn5,582
m.03twd6,574
m.014bjk,573
m.0698w6,571
m.042y1c,564
m.0m5s5,561
m.065f9t,560
m.01k1k4,559
m.046qwc,559
m.02cb8w,554
m.02ny6g,554
m.024lt6,554
m.0jwmp,547
m.07rty,544
m.0243cq,535
m.01cycq,534
m.0dt1p_,533
m.019kyn,532
m.02rxf6,532
m.0ckt6,530
m.074rg9,529
m.0333t,527
m.016z7s,524
m.03dxs5,523
m.02_fz3,519
m.023m3f,517
m.05cvgl,515
m.07k2mq,511
m.01n8hp,510
m.01flv_,510
m.0fd4x,510
m.033hmj,509
m.0241y7,508
m.07f_t4,507
m.0gxfz,507
m.018js4,506
m.03z0yb,506
m.0175k8,505
m.03c77z,504
m.0h1x5f,502
m.0ccsq,501
m.01r97z,497
m.01j65x,496
m.02qqrpy,495
m.0jyb4,491
m.0dzlbx,488
m.033fqh,485
m.02hxhz,478
m.01cz7r,476
m.060r16,474
m.0cq7tx,471
m.01pv91,469
m.029zqn,468
m.024gy8,463
m.0k5g9,463
m.032_76,463
m.035yn8,461
m.0b6tzs,459
m.0bdhhw,456
m.0309c5,452
m.014hr,451
m.011yr9,450
m.01lsl,444
m.0161fz,444
m.016z9n,443
m.06h5k7,438
m.01pgnr,433
m.074fx1,432
m.01rxyb,428
m.0btpm6,428
m.03r6_w,424
m.0dr89x,422
m.0fg04,421
m.04tqtl,420
m.0hqs9,418
m.013q0p,417
m.0pd64,417
m.04m1bm,412
m.06cm5,412
m.02bhsc,409
m.062b7h,408
m.01z9n6,407
m.02stbw,403
m.051zy_b,401
m.02dpl9,399
m.02qwvbs,397
m.0pd4f,395
m.0k4fz,394
m.0779m1,393
m.033g3n,392
m.025rxjq,392
m.07byq,389
m.0h1kp,388
m.02slnt,388
m.01ry_x,387
m.02ljhg,385
m.02wk7b,385
m.0kcn7,383
m.0jqtz,383
m.033g1f,379
m.03_w9b,378
m.028xq_,375
m.032clf,372
m.01kzd_v,361
m.01tdmp,360
m.0h2xyn,360
m.05sy_5,359
m.01f7jt,358
m.04x4vj,357
m.033856,355
m.0gd92,352
m.023gxx,352
m.036z1n,351
m.04dxrl,350
m.05vxdh,350
m.0h21v2,349
m.01cms4,349
m.031778,347
m.01gkp1,346
m.01_p7z,345
m.0dnw1,344
m.02b0w4,343
m.06kt1h,343
m.02pp19,340
m.0bs4r,340
m.0hv27,339
m.018rvr,339
m.02vhv,338
m.031t49,338
m.07tj4c,338
m.026390q,337
m.01bn3l,336
m.03y0pn,336
m.03wh35,335
m.0234j5,332
m.033_m2,332
m.02vtyb,332
m.033pf1,331
m.03m3j,330
m.0yx1m,329
m.020bv3,329
m.033t6r,328
m.04m91p,327
m.06m2j,327
m.07chp9,327
m.0x25q,326
m.06w839_,326
m.02pw_n,325
m.0q9b0,325
m.07j8r,323
m.01fxw4,323
m.011yxg,321
m.03qlxf5,319
m.02mpyh,318
m.05j82v,317
m.0711k3,314
m.09lxv9,312
m.07g38,311
m.02nczh,309
m.0jdgr,309
m.01nln3,309
m.063m9m,307
m.032016,305
m.01ylt7,304
m.0ptx_,303
m.04t9c0,303
m.0k4p0,303
m.01pvl7,303
m.043vvr,301
m.018gvp,300
m.07c13r,300
m.018f8,299
m.084302,298
m.01jmyj,298
m.0cbn7c,297
m.0kbwb,297
m.04mzf8,296
m.0ds33,296
m.071xjc,295
m.07q78,295
m.031s5z,294
m.046488,294
m.02mvb2,293
m.01q3w7,293
m.01pbtz,290
m.0b6ft5,290
m.04cppj,289
m.096v5f,289
m.0299hs,289
m.01f7kl,288
m.0443v1,288
m.08vdz8,287
m.03177r,286
m.03ljq9,286
m.0n6ds,285
m.01j5ql,283
m.058q46,281
m.0lwff,280
m.03jfly,278
m.0571m,278
m.03pc89,277
m.01ydq5,277
m.0337wr,276
m.03t79f,276
m.0jdr0,276
m.02zkjw,273
m.01yz89,272
m.02bqxb,272
m.070jd7,271
m.01_mdl,270
m.06fwns,270
m.0jqmq,270
m.04b2qn,270
m.0652f,270
m.032sl_,269
m.0bpx1k,269
m.0mcrb,268
m.027_9n,266
m.08k40m,265
m.01v5rj,265
m.01y9jr,264
m.035_kw,264
m.02b6n9,263
m.03lb7_,263
m.035xwd,260
m.05yxmk,259
m.03ljpk,259
m.01xvjb,257
m.012jfb,256
m.023z7v,256
m.0209hj,256
m.0645k5,255
m.0j6b5,255
m.02_06s,255
m.034b6k,253
m.0yxm1,252
m.01g3gq,252
m.0fgrm,252
m.05k7xj,252
m.0sxmx,251
m.06nq0j,250
m.0k419,249
m.04zqb,248
m.01kff7,248
m.01hjxv,246
m.05v38p,246
m.0170th,246
m.01f50k,245
m.07b1gq,245
m.01dvbd,245
m.02rv_dz,245
m.0170xl,245
m.06cgf,242
m.0cq7kw,241
m.014nbs,241
m.0c2jgd,241
m.0gpx6,241
m.011ywj,241
m.033g4d,240
m.0320fn,239
m.09rnxj,238
m.0j_nw,236
m.014bpd,235
m.016kxf,235
m.01hw5kk,235
m.05wt50,234
m.064lsn,233
m.04j1zjw,233
m.02q2jw,233
m.0k2cb,232
m.033v5p,232
m.01wgmz,231
m.03k8th,231
m.034hwx,228
m.08v6ll,227
m.0mbql,226
m.032cs4,226
m.0bmhn,225
m.0qlz9,225
m.09gt_0,225
m.01l2b3,225
m.08ll52,225
m.02nnnl,224
m.076y36,224
m.01ffx4,224
m.0276569,222
m.0gcpc,221
m.015bpl,221
m.0bswf7,221
m.04_rjv,221
m.02jxbw,221
m.03t97y,220
m.04pk1f,220
m.0558xt,218
m.0b04wt,217
m.039zft,216
m.0j_tw,216
m.031h9k,215
m.0jqhd,214
m.05cx06,214
m.018gq3,213
m.02q25p8,213
m.0yyts,213
m.06ksnc,212
m.0bm853,212
m.01sy99,212
m.014nq4,210
m.02djzj,210
m.06tw0x,209
m.036s7x,209
m.04165w,207
m.01qxc7,206
m.023p33,206
m.0296vv,205
m.041s4z,203
m.040mt6,203
m.0dqg_9,202
m.03sc3z,201
m.02rtf4,200
m.054k8z,200
m.0c38gj,197
m.07xrm,197
m.021s41,197
m.02rhjj,196
m.01cssf,195
m.01qb559,195
m.09tkzy,194
m.01kf5lf,194
m.02bg6w,193
m.01svry,193
m.0yx7h,192
m.02tktw,192
m.0639hk,192
m.01h7bb,191
m.02my7z,191
m.0gy0n,191
m.015t5q,191
m.0170qy,191
m.063hp4,190
m.027pfg,189
m.01ltq_,189
m.0dfw0,189
m.0jqkh,189
m.03bxwl,188
m.01f7g_,188
m.02qzmz6,187
m.06p_zf,187
m.01q2nx,184
m.01l25p,184
m.03mqzh,184
m.0ywrc,183
m.0cc7x,182
m.032bm6,182
m.02pg45,181
m.026yq3c,181
m.01jc1h,180
m.04znzp,179
m.0b_5d,179
m.0dp7wt,179
m.04cyvf,177
m.0mcl0,176
m.01k0vq,176
m.0c5dd,176
m.01q48n,175
m.02vnh1,174
m.015qnh,173
m.02ptczs,172
m.014bhr,172
m.0d99k_,171
m.0fb2ky,171
m.08vz4p,171
m.0m3gy,170
m.0p9lw,169
m.04wdyj,169
m.06ys2z,168
m.0401sg,168
m.0b2v79,167
m.0fb4l,167
m.0gfsq9,167
m.08fm68,167
m.032xrj,165
m.0fy66,165
m.0341k8,164
m.06xz7w,164
m.014gcy,163
m.01_456,163
m.01s3vk,163
m.0n1s0,163
m.02ndy4,162
m.04_73f,162
m.034qrh,161
m.02qcr,161
m.016y0b,161
m.0cbn57,161
m.0f858v,158
m.04bn37,157
m.06r5q1,157
m.02t_h3,156
m.044sv0,155
m.0cly8m,155
m.01mypy,154
m.0yzvw,153
m.050r1z,153
m.04000h,153
m.04h41v,152
m.01633c,152
m.0hqtj,152
m.0fz3b1,152
m.04tzz5,152
m.0d7vdj,152
m.0280m2w,151
m.01jntj,150
m.0k2r1,150
m.031tc2,149
m.0f0w57,148
m.02dj5n,147
m.0hvvf,147
m.016mng,147
m.061ffq,147
m.011xg5,145
m.016017,145
m.06cpd9,145
m.02d478,144
m.02qkwl,143
m.04b7hj,143
m.0kvc36,143
m.0m_tj,143
m.04cpvs,142
m.02_qt,142
m.0dmn0x,140
m.03q05j,139
m.0bm2nq,139
m.050f0s,139
m.0glbqt,139
m.016y_f,139
m.034nnw,139
m.02bc6c,138
m.029k4p,138
m.07v7sl,138
m.01xlqd,138
m.0sxgv,138
m.03hxxd,137
m.03x7hd,137
m.019k65,137
m.02n9bh,136
m.0660qx,136
m.03305j,136
m.02bg55,136
m.05rw58,135
m.01510v,135
m.07h4yp,135
m.019wds,134
m.0hv8w,134
m.04wddl,134
m.03b1sb,133
m.07xvf,133
m.0273rwy,133
m.04zv5_,132
m.05351g,132
m.02ctc6,132
m.034ffy,131
m.0127ps,131
m.0fdv3,131
m.0kvgnq,131
m.07_l0f,131
m.0g5pvv,131
m.02m7m1,130
m.09s91g,130
m.03681w,130
m.02k1pr,129
m.02n46r,129
m.0hjsp,128
m.081q6m,128
m.02gpkt,128
m.0fq7dv_,128
m.09z625,127
m.0_b3d,127
m.0260bz,127
m.0287z_j,127
m.027qgy,126
m.0jymd,126
m.0cf08,125
m.011yth,125
m.01v_40,125
m.01sr58,124
m.03cyb4,124
m.01pgrh,124
m.0bl1_,123
m.08zcb0,123
m.06__m6,123
m.01qz5,123
m.01tch8,123
m.01chpn,122
m.01brqv,122
m.02l11z,122
m.01pvxl,122
m.039yp5,122
m.0bm2g,122
m.06n6yx,122
m.0b4lkx,121
m.028zh1,121
m.047q4xt,120
m.04kkxx,120
m.0yzp8,120
m.02kp5p,120
m.0pc62,120
m.05rrvj,119
m.04j13sx,119
m.03g7m3,119
m.0jsxn,119
m.01dc8g,119
m.03f7nt,119
m.03dwqf,118
m.014zwb,118
m.0sxfd,118
m.0ktdb,118
m.036r20,118
m.06v9zs,117
m.016z43,117
m.01_t5f,117
m.04v89z,117
m.016z84,116
m.048f00,116
m.0fh2v5,116
m.011yl_,116
m.01s9vc,115
m.01wzyq,115
m.02srl9,115
m.05dptj,115
m.0jg8z,114
m.02jkkv,114
m.0c53zq,114
m.071fr7,114
m.03gmw,114
m.031hcx,114
m.0brfjd,113
m.01f7gh,112
m.0d6b7,112
m.09cxm4,112
m.01z7v5,111
m.0kvgxk,111
m.05y5nf,111
m.02fj8n,110
m.01d4dr,110
m.0_92w,110
m.04v7kf,109
m.014d_k,109
m.037j_8,109
m.0f8j13,109
m.0kv0zn,109
m.05hjnw,109
m.04v8x9,109
m.0421ng,108
m.01ln5z,108
m.0164qt,107
m.06s5ct,106
m.02lk42,106
m.0prrm,106
m.0184tc,106
m.0c_194,106
m.031786,106
m.0286vp,106
m.0d2c_d,106
m.08h5ny,105
m.09_gvh,105
m.02nlfw,105
m.03wj_q,105
m.0blpg,105
m.03pk0l,105
m.01n30p,105
m.01470k,105
m.01r_0s,104
m.02cp5f,103
m.0jvx7,103
m.02k325,103
m.031txz,103
m.032xt8,102
m.041t2d,102
m.08tk2f,102
m.07rtf,102
m.02mrcx,102
m.0ptdz,101
m.03ddd5,101
m.02bf6d,101
m.049cgk,101
m.01y9r2,101
m.01v1ln,100
m.08rr3p,100
m.03phtz,100
m.04mqwg,100
m.0y_hb,100
m.02_sr1,99
m.09z2b7,99
m.02phv5s,99
m.0glqs,99
m.02ld66,99
m.03fr7b,99
m.07lyw_,98
m.08v3bw,98
m.03n102,98
m.068h4t,97
m.03wh1s,97
m.0989xw,97
m.05b_fl,97
m.017zss,96
m.033m2w,96
m.04066p,95
m.034fg8,95
m.029903,95
m.05tg9g,95
m.02gvr_,95
m.0170w2,95
m.01n81q,94
m.036cds,94
m.02f6g5,93
m.01j3gd,93
m.02vwqb,93
m.02fjzg,93
m.0ct5zc,92
m.025twgt,92
m.0_9wr,92
m.03ndzs,92
m.0586x1,92
m.034fgm,92
m.0hv32,92
m.07bw7,92
m.01mr29,91
m.04rncw,91
m.0bcp9b,91
m.0558dk,91
m.01pg1t,91
m.09zxs9,90
m.025twgf,90
m.0fdlc6,90
m.0qm8b,90
m.027tg5,89
m.03r58n,89
m.04t46v,89
m.02c638,89
m.01b195,88
m.03hj3b3,88
m.09q92l,88
m.01pgr3,87
m.016rw2,87
m.0fzm0g,87
m.012kyx,87
m.09gjyq,87
m.0615_9,87
m.03dbjv,87
m.01mrrd,87
m.095zlp,86
m.01j2ff,85
m.05c5nr,85
m.02q56mk,85
m.03vv1f,85
m.03qcvl,85
m.01sby_,85
m.06r3yf,85
m.034scm,84
m.04bpzh,84
m.02qwyz,83
m.012x63,83
m.014z96,83
m.01cqks,83
m.02mmvd,82
m.04zb7s,82
m.028b3bj,82
m.022prxf,81
m.05nsx8,81
m.02yxbc,81
m.0k2m6,81
m.097zcz,81
m.01lt24,81
m.05n8jx,81
m.06fht6,80
m.04gcyg,80
m.04y5j64,80
m.037rcv,80
m.09xcn4,79
m.0gt14,79
m.0kgxf,79
m.0llcx,79
m.07l450,79
m.04z92b,79
m.0gzy02,79
m.0dzz6g,78
m.04q827,78
m.0287gvq,78
m.0j_v8,78
m.03h193t,78
m.0dy575,78
m.0557n3,78
m.05nlx4,78
m.016mhd,78
m.084qpk,78
m.07k_8,77
m.0211pk,77
m.07xmz1,77
m.01_1pv,77
m.05r3qc,77
m.040d3x,77
m.02j69w,77
m.02r858_,77
m.0sxhp,77
m.0f7hw,76
m.0dmnww,76
m.014_x2,76
m.0946bb,76
m.033qdy,76
m.04yc76,75
m.02bz36,75
m.02p5d,75
m.016kc2,75
m.03_wh5,74
m.0jqzt,74
m.0cqr0q,74
m.059vwy,74
m.01718w,74
m.048s88,74
m.085wqm,74
m.033pck,74
m.0jvnn,74
m.05pws0,73
m.076hrh,73
m.016z7f,73
m.06tydt,73
m.05bmcq,73
m.08zrbl,73
m.051xs93,72
m.03py6p,72
m.02ylg6,71
m.0344gc,71
m.02qlp4,71
m.0hqqs,71
m.01qncf,71
m.04cj79,71
m.0gssy,70
m.01z0n6,70
m.015qsq,70
m.04th45,70
m.04xg4z,70
m.0n05v,70
m.0g5pv3,69
m.0bln8,69
m.03qcjj,69
m.0fsw_7,68
m.011xrr,68
m.0b60sq,68
m.09kzfd,68
m.01h18v,68
m.0qm98,68
m.07j_qm,68
m.02v63m,67
m.018f9n,67
m.0jz71,67
m.04fzfj,67
m.03r8x1,67
m.08nvyr,67
m.07jr_9,67
m.02v8kmz,67
m.05kxf3,66
m.04jwly,66
m.03kysk,66
m.01zfzb,66
m.02q7fl9,66
m.0315w4,66
m.08md07,66
m.031t2d,65
m.0gdl14,65
m.0397fk,65
m.0c492j,65
m.0bvrpjp,65
m.0dt8xq,65
m.017f6j,65
m.01r92q,65
m.0bv9hq,65
m.0125z1,65
m.02v5_g,64
m.01ly1t,64
m.07dvy7,64
m.03kck3,64
m.02f4wh,63
m.0191n,63
m.01cmp9,63
m.0jqly,63
m.01k5_0,63
m.0jq56,63
m.015whm,63
m.079ntq,62
m.0g7g1t,62
m.018wsw,62
m.01r6s5,62
m.0697_g,62
m.03b9b8,62
m.047tsx3,61
m.0fjjjh,61
m.012gk9,61
m.0cf8qb,61
m.0cz_ym,61
m.01yzjg,61
m.02xs6_,61
m.0jz89,61
m.02_lmb,61
m.081wtz,61
m.01h7n7,61
m.0fy34l,60
m.01f6x7,60
m.04hmvx,60
m.01xq8v,60
m.09z8d1,60
m.0b3w_9n,60
m.01yvmf,60
m.03q8xj,60
m.02k7v1,60
m.03sxd2,60
m.01d1_s,60
m.0ccd3x,60
m.036qtd,60
m.02rw0h,59
m.03jr46,59
m.01j_lt,59
m.048xyn,59
m.0k5k1,59
m.02gjpk,59
m.0jqj5,59
m.05dmmc,59
m.03bzrpp,58
m.015ynm,58
m.0bw6fj,58
m.05sjq,58
m.08hlty,58
m.0bvn25,58
m.0p_tz,58
m.02gypn,58
m.02dglg,57
m.0jy_1,57
m.0jswp,57
m.0b8l01,57
m.02v570,57
m.0dc_ms,57
m.0315rp,57
m.0p65b,57
m.0crrc8,56
m.04nnpw,56
m.02pynz,56
m.04j4tx,56
m.048scx,56
m.02xd2b,56
m.05zlld0,56
m.01pj_5,56
m.0221zw,56
m.04jnxl,56
m.07twr5,56
m.03209l,56
m.02q4rf,56
m.02sdp4,56
m.06jyr2,55
m.03vfz3,55
m.0hmm7,55
m.02r3w0v,55
m.04hjd4,55
m.04904n,55
m.0ck_0f,55
m.08rr9b,55
m.01dc46,55
m.0k46n,55
m.01j9d0,55
m.03lfd_,55
m.01q41m,54
m.07yhfx,54
m.048rn,54
m.097fqj,54
m.08rcnn,54
m.085ccd,54
m.07cwzh,54
m.02jqk,54
m.04m6vj,53
m.023g6w,53
m.02qxd_l,53
m.0hcp1,53
m.07vn_9,53
m.078z_r,53
m.09sr0,53
m.02drrg,53
m.03rhhk,52
m.0mdlf,52
m.02jpth,52
m.09bw4_,52
m.05xss5,52
m.05t54s,52
m.031qr5,52
m.02r430,51
m.027jhb,51
m.02qg5zq,51
m.01cqkc,51
m.024y_s,51
m.0fz8lt,51
m.016ywb,51
m.05gqsy,51
m.0gnjh,51
m.034qzw,50
m.03sfjd,50
m.03tv11,50
m.0fyg25,50
m.0bykpk,50
m.0sxns,50
m.01kf4tt,50
m.01jc6q,50
m.0418wg,50
m.0yyn5,50
m.032kr9,50
m.0p_th,49
m.02sxmw,49
m.03qbfb,49
m.0f40w,49
m.07l5v6,49
m.07q1m,49
m.02qk_8,49
m.06rhz7,48
m.02thnm,48
m.06wp5n,48
m.03glth,48
m.0jq4r,48
m.0j_t1,48
m.0fpj3cw,48
m.05sns6,48
m.031ssn,48
m.03khj_,48
m.047nfz,48
m.0bcndz,48
m.01dyvs,48
m.05s_rl4,48
m.0564x,48
m.0y_yw,48
m.02f25m,47
m.04gknr,47
m.027q85,47
m.06q_hx,47
m.030bg4,47
m.09ps01,47
m.03qfpk,47
m.06fpsx,47
m.02x09x,46
m.02xtxw,46
m.013q07,46
m.06k4hg,46
m.0k4bt,46
m.0jjy0,46
m.02fqxm,46
m.0f_jd3,46
m.020y73,46
m.0cvkv5,46
m.03fk2k,46
m.0pvms,45
m.098s2w,45
m.0mmbb,45
m.0n_hp,45
m.019npw,45
m.055stg,45
m.08n4j3,45
m.08720,45
m.04jvy0,45
m.06y60c,45
m.01pvq3,45
m.02k4zb,45
m.01x_hw,44
m.040rmy,44
m.04smdd,44
m.028_x9,44
m.03mlz9,44
m.02mkwj,44
m.05lv9n,44
m.02825kb,44
m.01242_,44
m.03q_rz,44
m.0258dh,43
m.07v78k,43
m.015gxt,43
m.0cl17q,43
m.07gb81,43
m.030bcl,43
m.027s39y,43
m.0jyjs,43
m.0743ql,43
m.02ww1t,43
m.09csq1,43
m.01xv4x,43
m.016z30,43
m.050r7y,42
m.0bnhmx,42
m.0bhh9g,42
m.0g5w26f,42
m.0brjnd,42
m.05q_dw,42
m.01r11f,42
m.03lnmp,42
m.07ntq,42
m.0286gm1,42
m.042hfs,42
m.02scbv,41
m.09m6px,41
m.0417k8,41
m.0k2xc,41
m.0fxmbn,41
m.09c_pm,41
m.0bj25,41
m.01k5y0,41
m.0jq9t,41
m.03gcyx,41
m.05k8wg,41
m.074t_y,41
m.036n50,40
m.06823p,40
m.0bys_y,40
m.01bb9r,40
m.0b21hk,40
m.04kkz8,40
m.07nt8p,40
m.02kfzz,40
m.02j9_2,40
m.028f12,40
m.0639bg,40
m.04857z,40
m.057yjg,40
m.02p355l,40
m.026w0m_,40
m.047ytl,40
m.013vbq,40
m.051_sx,40
m.0by8jpy,39
m.032_yq,39
m.03259y,39
m.0318zh,39
m.09mnhy,39
m.03cwwl,39
m.01n4z6,39
m.01kp5s,39
m.01jjb4,39
m.067g4b,39
m.04f20d,39
m.072zl1,39
m.098f_x,39
m.065dc4,39
m.08kmsx,38
m.03vpf7,38
m.05jzt3,38
m.02mmwk,38
m.09yqf1,38
m.01f85k,38
m.01ndgk,38
m.03_95w,38
m.03tb_8,38
m.01v74p,38
m.05sxr_,38
m.0sxnd,37
m.04xdbd,37
m.09tcg4,37
m.0m9p3,37
m.02p775,37
m.09yqn5,37
m.02_nsc,37
m.052c0b,37
m.02thgf,37
m.0q9sg,37
m.098bd8,37
m.02tcrf,37
m.027ct7c,37
m.069zmr,37
m.040fg_,37
m.03b1n2,37
m.03cb0qb,37
m.054cvh,37
m.033hc9,37
m.051n5m,36
m.02tgz4,36
m.01jft4,36
m.0283_zv,36
m.0czzsg,36
m.029qpk,36
m.03xj05,36
m.02t_4n,35
m.06wqgh,35
m.03p2xc,35
m.01jw6z,35
m.055q2z,35
m.04hr2d,35
m.01w_x0,35
m.01l0jh,35
m.02ml29,35
m.01d259,35
m.03rl2l,35
m.02vt5c,35
m.05873x,35
m.02f_gc,35
m.01yfqz,35
m.02_1sj,35
m.09nl36,35
m.07gvrj,35
m.05j3s1,35
m.02b63c,35
m.0k7tq,34
m.064zgw,34
m.0822j,34
m.05cjh_,34
m.0884wb,34
m.02psgy6,34
m.03vp54,34
m.0ct2tf5,34
m.07022t,34
m.042fgh,34
m.01m13b,34
m.06m815,34
m.019z8l,34
m.07hvh,34
m.05jf85,34
m.0bnzd,34
m.07fpw5,34
m.05fc58,34
m.0fm5t9,34
m.01l2qq,34
m.019vhk,34
m.048p_g,34
m.03_wm6,33
m.01qjx3,33
m.02nx2k,33
m.05j6kk,33
m.06d6z_,33
m.060__7,33
m.04kzxz,33
m.073424,33
m.01gm5j,33
m.091ckd,33
m.016k80,33
m.02t4w7,33
m.046vs6,33
m.0l507,33
m.0bv8h2,32
m.02hhfl,32
m.058ymm,32
m.03s5lz,32
m.04q4fh,32
m.03nnzk,32
m.0ktx_,32
m.018tmf,32
m.0kvds4,32
m.09p7fh,32
m.08y42c,32
m.0135_9,32
m.02q_ncg,32
m.077dw1,32
m.09fqgj,32
m.03dhdk,32
m.034f7w,32
m.0fpf67,32
m.01vfqh,32
m.03dwzc,32
m.04pygz,32
m.07rgg3,31
m.084l1p,31
m.080j6g3,31
m.02x8fs,31
m.04c11j,31
m.01q19y,31
m.0676l_,31
m.07m9f2,31
m.02ht1k,31
m.08jl3y,31
m.0qmjd,31
m.0322yj,31
m.05sbv3,31
m.01rn7k,31
m.02862zk,31
m.036p2_,31
m.01msrb,31
m.03qfr0,31
m.03bb5m,30
m.03kfz0,30
m.083shs,30
m.08r27j,30
m.02rw6c,30
m.03lt69,30
m.0604zn,30
m.0blpwc,30
m.041cm9,30
m.036w5z,30
m.0glnm,30
m.050xxm,30
m.06d5sb,30
m.07vf5c,30
m.0170yd,30
m.040fjs,30
m.05qm9f,30
m.03q5db,30
m.01dj50,30
m.01gwk3,30
m.048hvr,30
m.05nysd,29
m.015x74,29
m.08xvpn,29
m.02pj4ds,29
m.01r35n,29
m.0729rh,29
m.0b2tb1,29
m.03srb9,29
m.0qmd5,29
m.02s9k_,29
m.04n2_y,29
m.0g5ptf,29
m.0pttd,29
m.04j0357,29
m.0j_xl,29
m.0pv54,29
m.09rz22,29
m.01kyvd,29
m.05z5lc,28
m.04n04q,28
m.04sntd,28
m.06gb1w,28
m.050gkf,28
m.02fttd,28
m.03z106,28
m.0540f_,28
m.0jqb8,28
m.04nph8,28
m.07s981,28
m.08vw2f,28
m.0j80w,28
m.01hp2y,28
m.0ff2dr,28
m.0hv9p,28
m.014kq6,28
m.03bxw5,28
m.055td_,28
m.02yyfc,28
m.03fygl,28
m.0blp1,28
m.06qhyd,28
m.05p0r3,28
m.01k40w,28
m.02drvf,28
m.0g5qvj,28
m.0cy__l,28
m.0fhd04,28
m.07bm1j,27
m.07n9mc,27
m.0ctnhv,27
m.05wp1p,27
m.049xgc,27
m.0yyg4,27
m.0g9lm2,27
m.04l7z_,27
m.04dld6,27
m.04m3tn,27
m.092vkg,27
m.0b8gf1,27
m.02v5md,27
m.08sz9r,27
m.072x7s,27
m.04t6jm,27
m.01hq1,27
m.0291gk,27
m.0435vm,27
m.0jv6b,26
m.0n04r,26
m.016ztl,26
m.01_8y6,26
m.0534ym,26
m.03258s,26
m.02gs6r,26
m.07n08,26
m.05q08x,26
m.0h0h0,26
m.057__d,26
m.05r1bb,26
m.0fpdlt,26
m.033g39,26
m.0f61tk,26
m.07wzcn,26
m.0298n7,26
m.03tps5,26
m.02brzs,26
m.027tvnh,25
m.033srr,25
m.0fh694,25
m.0kvgrv,25
m.073qxn,25
m.0m_mm,25
m.033s0w,25
m.08mczf,25
m.06lpmt,25
m.0hmk4,25
m.0b84rz,25
m.0d2ylv,25
m.02sg5v,25
m.0cbv4g,25
m.02_pcj,25
m.02v4_y,25
m.081tgq,25
m.055yv7,25
m.016kmf,25
m.0676by,25
m.09c7rx,25
m.06m7yq,25
m.047419,24
m.04ngxk,24
m.07c11y,24
m.06d0fg,24
m.05bnv1,24
m.01nc_h,24
m.011ysn,24
m.01l63z,24
m.04xnsh,24
m.03rz2b,24
m.0k3y_,24
m.02mkzj,24
m.06spyn,24
m.05k4z0,24
m.05r237,24
m.04njrl,24
m.06hblg,24
m.09gg0t,24
m.02q3pj,24
m.0578f2,24
m.0gl3hr,24
m.0d6_s,24
m.07zcw5,24
m.0fwhxl,24
m.01jzyf,23
m.02rqd_,23
m.070fnm,23
m.03sb0b,23
m.04ltlj,23
m.01sbv9,23
m.01rwyq,23
m.0f4m2z,23
m.0ggm6f,23
m.0f1yxp,23
m.05nn_6,23
m.060p1m,23
m.011zms,23
m.03qpr2,23
m.0294zg,23
m.0g6j0h,23
m.03dbkp,23
m.032x31,23
m.0m9tw,23
m.0c2wy,23
m.0651nl,23
m.03qc9_,23
m.03b24y,23
m.090w3m,23
m.0df3v_,23
m.01y3vg,23
m.029xhb,23
m.0btbyn,22
m.0193s9,22
m.0k4s3,22
m.02rl6f,22
m.05blpn,22
m.03b1zr,22
m.04n45_2,22
m.02pq3rp,22
m.01k7b0,22
m.01kf3_9,22
m.03kx49,22
m.03ntf1h,22
m.0sxjs,22
m.040k1l,22
m.0prh7,22
m.03lvwp,22
m.03l353,22
m.01k60v,22
m.032pdj,22
m.01qdmh,22
m.06jq_7,22
m.09y6pb,22
m.04hk0w,22
m.0dycv7,22
m.0ddj0x,22
m.02hvyj,22
m.07m7j8,22
m.09xbpt,22
m.08mxzp,22
m.0160jy,22
m.01smnw,22
m.01k61l,21
m.0cq806,21
m.020fcn,21
m.04wfsb,21
m.01nkyj,21
m.03ljzq,21
m.02z1srt,21
m.039frl,21
m.03_f9d,21
m.0cnz15,21
m.0ktpx,21
m.070178,21
m.0jz2p,21
m.0dq_ss,21
m.08pxdl,21
m.0ff4w,21
m.03qfhp,21
m.0fw92r,21
m.0f1yt5,21
m.080_x_,21
m.02t9_q,21
m.026qnn,21
m.06wmkz,21
m.07w8fz,21
m.02pb2bp,21
m.0czd4r1,21
m.0gbkv1,21
m.0fxb2,20
m.0drnwh,20
m.01_4h2,20
m.096vm7,20
m.03n3gl,20
m.01x5_f,20
m.09rfh9,20
m.02dj31,20
m.03n7pw,20
m.01342x,20
m.0bntlf,20
m.0gsx1,20
m.028r88,20
m.06zjmn,20
m.070pcg,20
m.0htww,20
m.01s7gq,20
m.034d5_,20
m.0202hr,20
m.04jj48,20
m.04b_jc,20
m.01pr90,20
m.04sm94,20
m.03qflm,20
m.0jq14,20
m.02_gjg,19
m.0k9c7,19
m.024l2y,19
m.02mpv2,19
m.0gy0l_,19
m.01cm8w,19
m.029v40,19
m.032bs,19
m.05ss0g,19
m.04cprb,19
m.05y31z,19
m.0559wc,19
m.03c5cgj,19
m.0170v9,19
m.02plbgx,19
m.03xf_m,19
m.0j_vp,19
m.0bl5c,19
m.031gmx,19
m.05g1cj,19
m.0ch0zt,19
m.05rfst,19
m.02rfw0,19
m.0gy4z,19
m.03v3f3,19
m.0140g4,19
m.05p6tc4,19
m.024lff,19
m.06k1j_,18
m.0symg,18
m.0280061,18
m.05pn9p,18
m.08sytx,18
m.0cqnss,18
m.0fztbq,18
m.030xp1,18
m.02txgy,18
m.0dl9_4,18
m.04qbts,18
m.04x6nr,18
m.0kyjk,18
m.04zc0h,18
m.016yhm,18
m.02lw11,18
m.025ry5x,18
m.08g3_n,18
m.05353r,18
m.056s2zf,18
m.04ymxx,18
m.04ssf,18
m.08mg_b,18
m.04s1zr,18
m.06116h,18
m.0f7x7b,18
m.05jwph,18
m.02v1cp,18
m.0761d1,18
m.014t_v,18
m.02rrfzf,18
m.02wz313,18
m.03t_yx,17
m.015wmt,17
m.01f86c,17
m.03c058,17
m.01fxc3,17
m.02d44q,17
m.09rx_8,17
m.06_sc3,17
m.03hmr4,17
m.02z227h,17
m.046kxx,17
m.038km6,17
m.0274prg,17
m.07_l6h,17
m.0qmfz,17
m.074x3d,17
m.09fnd1,17
m.016ks5,17
m.06gjk9,17
m.04zd28,17
m.03px_w,17
m.05r1q4,17
m.0170_p,17
m.075cvb,17
m.04hdtr,17
m.03pjlk,17
m.0p4wv,17
m.026xqyw,17
m.029p7z,17
m.0ctb4g,17
m.054060,17
m.03t3pk,17
m.0h6zyt,17
m.04d0ng,17
m.02x0fs9,17
m.0jqws,17
m.01j8wk,17
m.02vzxsf,17
m.02dr9j,16
m.03wjm2,16
m.0849_s,16
m.0295sy,16
m.033mlr,16
m.0g_zyp,16
m.048tv9,16
m.09y18f,16
m.0hqvw,16
m.04w7fk,16
m.02_s7x,16
m.0c2jk9,16
m.08j62y,16
m.04_6g9,16
m.07kwyt,16
m.06lw67,16
m.05p14s,16
m.015qr_,16
m.0k2_0,16
m.04g2ldh,16
m.04vjvr,16
m.018pgb,16
m.07whr3,16
m.01ly7z,16
m.09p0ct,16
m.06dfq2,16
m.025n07,15
m.06597h,15
m.0bpbhm,15
m.02gd6x,15
m.0k45b,15
m.06t_bd,15
m.0dj_dz,15
m.08952r,15
m.030b8c,15
m.06fph5,15
m.040_lv,15
m.0c61rf,15
m.04q467,15
m.04t8wq,15
m.0p_qr,15
m.0gcrg,15
m.06gyxs,15
m.08c6k9,15
m.0b45_s,15
m.08r605,15
m.03s6l2,15
m.04cz70,15
m.04pc3t,15
m.02yy9r,15
m.03ynx1,15
m.063ynb_,15
m.08dl83,15
m.034fs1,15
m.0k5fg,15
m.0gldy,15
m.03p_np,15
m.04bsng,15
m.047wh1,15
m.03ttr9,14
m.020_sh,14
m.0bbgly,14
m.0344xk,14
m.061_ky,14
m.02q_4ph,14
m.0kv2bh,14
m.03205n,14
m.0d1qmz,14
m.027_7dd,14
m.03c9qqh,14
m.0dcf7t,14
m.073v9d,14
m.03w54r,14
m.01zhjh,14
m.02v_mx,14
m.02rlnb,14
m.02mh4b,14
m.01dvqw,14
m.0cbl95,14
m.0gmlf25,14
m.06zlpj,14
m.02crgz,14
m.07y19z,14
m.0gp_gh,14
m.0k4bc,14
m.0dlq2w,14
m.06brld,14
m.0pj5t,14
m.02rx2m5,14
m.03r6q1,14
m.026s_ky,14
m.051s4m,14
m.0694b1,14
m.077pmx,14
m.02q87z6,14
m.0k4gy,14
m.025hhq,14
m.04vcfx,14
m.052np3s,14
m.03mjfq,14
m.04qgzk,14
m.040b5k,14
m.0428q1,14
m.03sl8j,14
m.02dcrt,14
m.01xxhh,14
m.031zk3,14
m.01tvvm,14
m.02r2px,14
m.04vgnr,14
m.03kmz8,14
m.06d6ch,14
m.031hvc,14
m.0c50k1,14
m.058z_m,14
m.033gkt,14
m.0dvyc5,14
m.05myy97,13
m.015qcv,13
m.06v_2g,13
m.0dsvzh,13
m.087pfc,13
m.026q18b,13
m.04ynq7,13
m.029hx6,13
m.0bfx49,13
m.0f7y0z,13
m.0j_wf,13
m.0dllh33,13
m.03lrqw,13
m.03cvqpc,13
m.074c0h,13
m.0fghvz,13
m.071tng,13
m.032l5l,13
m.0287477,13
m.041cjn,13
m.0bmjx4,13
m.02rfs1,13
m.031srw,13
m.07cvgg,13
m.028hy8,13
m.03lf33,13
m.0902by,13
m.027lz0c,13
m.018lr7,13
m.01t66_,13
m.09hjcp,13
m.06rpz_,13
m.03r8dw,13
m.02jxrw,13
m.01f82x,13
m.059zzd,13
m.0dnkmq,13
m.043t8t,13
m.02710m8,13
m.03458j,13
m.06fqlk,13
m.05gjj1,13
m.02q1clr,13
m.026gyn_,12
m.02ccl6,12
m.06lpgy,12
m.013szf,12
m.07hm0d,12
m.08m1s2,12
m.0276mc7,12
m.0hv1t,12
m.0583hr,12
m.028870d,12
m.01k0xy,12
m.0bx8l5,12
m.01_wsl,12
m.02qczf7,12
m.034__,12
m.04b7bs,12
m.06_nv6,12
m.01s7vd,12
m.028_yv,12
m.03dhpv,12
m.04m0gv,12
m.08md65,12
m.09hjbg,12
m.02pk8h,12
m.01rqgp,12
m.014klc,12
m.039rsv,12
m.03rf3z,12
m.032cgb,12
m.045qtt,12
m.04nl83,12
m.03tbg6,12
m.0gtl44n,12
m.0gy30w,12
m.0p_rk,12
m.015gm8,12
m.040s2y,12
m.027ywq,12
m.08xnxg,12
m.04dx7g,12
m.067p6m,12
m.03w2y6,12
m.0277htq,12
m.05g8pg,12
m.01xv3c,12
m.0603hj,12
m.015wsj,12
m.035bcl,12
m.05zr1l,11
m.027vww9,11
m.01ysd3,11
m.01rlrt,11
m.0gf2bt,11
m.014lc_,11
m.0d71yv,11
m.01fd7j,11
m.02ll45,11
m.02vwt8v,11
m.02f7v_,11
m.0bhwhj,11
m.04k9yp,11
m.01y4gy,11
m.08239,11
m.0clh4y,11
m.0fb7sd,11
m.016kz1,11
m.06yx4x,11
m.0381zv,11
m.027l76k,11
m.0kt__y,11
m.06_557,11
m.0kvgrg,11
m.0294mx,11
m.09mcdk,11
m.05b2dn,11
m.05njxh,11
m.088_dk,11
m.02cbhg,11
m.0k54q,11
m.01j3xp,11
m.0c8w1f,11
m.06977k,11
m.05gb9z,11
m.0gych5,11
m.088s3s,11
m.08pbld,11
m.05828j,11
m.0921ps,11
m.09wyh5,11
m.09g4_3,11
m.05hlpv,11
m.037s0_,11
m.03bxnf,11
m.07qh55,11
m.0gynbw,11
m.0cq8nx,11
m.09_l5f,10
m.0djg6j,10
m.0dpkd7,10
m.02zvyp,10
m.05nxmf,10
m.05bvl9,10
m.038bh3,10
m.06ctpy,10
m.0126nh,10
m.0kxpq,10
m.0gnsx,10
m.028kj0,10
m.05n9yq,10
m.02x62wx,10
m.02f_dk,10
m.09tp1v,10
m.01vw8k,10
m.01zh0v,10
m.02_s29,10
m.05mxns9,10
m.01__75,10
m.04j03hm,10
m.04fv5b,10
m.0fy9wm,10
m.053gml,10
m.0b8g0y,10
m.0p7qm,10
m.034v28,10
m.09q23x,10
m.08nltc,10
m.05xy5f,10
m.06j0g0,10
m.05t4h1,10
m.06p52b,10
m.048htn,10
m.073r4f,10
m.0kvh49,10
m.06w5c6,10
m.021y7yw,10
m.02qdqrf,10
m.02v_r6,10
m.08669,10
m.02x0h6q,10
m.02q4sd5,10
m.04jclq5,10
m.0732_0,10
m.037cr1,10
m.092nkx,10
m.04nhbz,10
m.057jzt,10
m.07bzz7,10
m.041cpw,10
m.0hdz9,10
m.069dl1,10
m.02pxxg7,10
m.03bxlj,10
m.06_1x0,10
m.0_9l_,10
m.040ybv,10
m.05m55b,10
m.075cph,10
m.04xp1l,10
m.041td_,10
m.073bl9,10
m.05lh37,10
m.0171bs,10
m.02k35x,10
m.0bvthz,10
m.02vvj1,10
m.0dq626,9
m.0dz9by,9
m.06sjhv,9
m.033385,9
m.031ryv,9
m.05v0nd,9
m.02zk08,9
m.0858d3,9
m.03vnxd,9
m.091d5d,9
m.078m6t,9
m.0jqp3,9
m.046f3p,9
m.03lx3k,9
m.0fjyzt,9
m.087gfp,9
m.0c9dt,9
m.02r2j8,9
m.02g329,9
m.08b3lp,9
m.0p_sc,9
m.0sxlb,9
m.051q72,9
m.031f7_,9
m.0dtk8z,9
m.01712f,9
m.03gkr0,9
m.03n785,9
m.02r7rth,9
m.016kpn,9
m.03459x,9
m.01kg44,9
m.0bfd67,9
m.08lvkh,9
m.04flr5,9
m.02r8hh_,9
m.0c34mt,9
m.06h9xs,9
m.070hnk,9
m.03f7xg,9
m.0k5n9,9
m.02bqvb,9
m.02pjc1h,9
m.04984j,9
m.04gw30,9
m.02np6r,9
m.03s44q,9
m.0d1n0q,9
m.06j0d5,9
m.071nw5,9
m.02yxx,9
m.02d4bc,9
m.0k0rf,9
m.01_5ph,9
m.03b1l8,9
m.01vg3r,9
m.063_j5,9
m.07ntww,9
m.0d1s52,9
m.0982zs,9
m.064kkg,9
m.02t4wl,9
m.063k6nh,9
m.04lq39,9
m.02vnmg1,9
m.03383d,9
m.09146g,9
m.026j7,9
m.047ry5x,9
m.08m026,9
m.01jf9c,9
m.072w70,9
m.02bl4s,9
m.063g51,9
m.07_by1,9
m.0cq8qq,9
m.01yq27,9
m.06plw2,9
m.02rtqvb,9
m.02p4c1j,9
m.0330k3,8
m.06zgd5,8
m.01w1ll,8
m.0b098_,8
m.07f_7h,8
m.01h0v1,8
m.02ktj7,8
m.034bm_,8
m.07vcx,8
m.064ndc,8
m.076y6g,8
m.0qm9n,8
m.01jp6s,8
m.0431h1,8
m.02mc5v,8
m.0414j6,8
m.07bxqz,8
m.026k37r,8
m.0g8zn3,8
m.05h92k,8
m.058sm0,8
m.08xxwl,8
m.02825nf,8
m.03dbg_,8
m.036r0k,8
m.02ryz24,8
m.01bl7g,8
m.0bt3j9,8
m.0405t4,8
m.04nq52,8
m.01bjbk,8
m.0ds11z,8
m.04ynjx,8
m.017d93,8
m.04h4c9,8
m.02pcq92,8
m.06wm_z,8
m.0d4htf,8
m.0p_vt,8
m.03mz5b,8
m.046t_0,8
m.011yxy,8
m.0g_k0j,8
m.0nhf92v,8
m.017180,8
m.04gjn8,8
m.08md6z,8
m.0262z6,8
m.05mc0v,8
m.030bds,8
m.03w8b7,8
m.093l8p,8
m.0gxtnd,8
m.015wrq,8
m.01cbx,8
m.03hq61,8
m.01c9d,8
m.02vrgnr,8
m.03hq88,8
m.0djqxp,8
m.0mbq3,8
m.06d6nx,8
m.0cdnx1,8
m.0pytc,8
m.0fwd14,8
m.03r803,8
m.09hf3p,8
m.0bpbgy,8
m.0k4lt,8
m.0c74ff,8
m.08w0v1,8
m.0353tm,8
m.01rg28,8
m.09b4h7,8
m.01k5yv,8
m.05ft32,8
m.032_br,8
m.06nmwj,8
m.0c7z7q,8
m.0337zb,8
m.0bdhfg,8
m.01404w,8
m.0hwt7,8
m.03dbyz,7
m.028xm3,7
m.036z53,7
m.05prcg,7
m.02bvbs,7
m.03lv4x,7
m.03glrn,7
m.06d3zy,7
m.04y0t6,7
m.03bxbk,7
m.0g3rpw,7
m.0bl61r,7
m.0cld7h,7
m.02nt3d,7
m.03pkmt,7
m.0545nh,7
m.0x2j1,7
m.09gwl6,7
m.0d7w1d,7
m.034g6c,7
m.06lspc,7
m.0b73wst,7
m.079b9l,7
m.07rshd,7
m.053sv1,7
m.08pv2d,7
m.056glj,7
m.09jqv1,7
m.022pf8,7
m.02w85v9,7
m.02vrpz,7
m.0d5jxc,7
m.027yks7,7
m.04d5_k,7
m.03np6v,7
m.0cnckg,7
m.079vv6,7
m.0jym0,7
m.016y_v,7
m.0c0d9s,7
m.04kwwr,7
m.01srq2,7
m.012h32,7
m.0frkf7,7
m.08q47_,7
m.0292qb,7
m.02181p,7
m.0hv2q,7
m.04sr1h,7
m.0jq_n,7
m.034xyf,7
m.0c57yj,7
m.01738w,7
m.065zlr,7
m.05s14k,7
m.034bxn,7
m.02wgbb,7
m.01v84j,7
m.05mk_y,7
m.050jdw,7
m.0pmjs,7
m.05jzbl,7
m.07tsdh,7
m.01ggr0,7
m.050k5z,7
m.05ytm8,7
m.02vnmc9,7
m.03mbdgx,7
m.04j2rlx,7
m.0564gy,7
m.02n1g9,7
m.04j5f5,7
m.0c34n5,7
m.01z6yp,7
m.02rllws,7
m.0fsd9t,7
m.07lz72,7
m.0g22z,7
m.01w63r,7
m.02cqsl,7
m.03bxrfl,7
m.02_55v,7
m.02chhq,7
m.08hjr9,7
m.06x43v,7
m.04w6zk,7
m.015wf0,7
m.0ckff6,7
m.0c_j9x,7
m.091937,7
m.02pptkb,7
m.0yxf4,7
m.0dy53b,7
m.032zcf,7
m.01l_pn,7
m.04wzkz,7
m.0274q34,6
m.087k4r,6
m.07799g,6
m.043g6j,6
m.02704ff,6
m.01qd2t,6
m.0g9yrw,6
m.02mkys,6
m.03y5qf,6
m.0kb57,6
m.0bl3nn,6
m.04mk3k,6
m.0gpsf3,6
m.02p14v,6
m.0fcj9r,6
m.05mvpy,6
m.06pqx7,6
m.046kzn,6
m.04xnk6,6
m.01pvs1,6
m.07qg8v,6
m.02x18l,6
m.03gr2n,6
m.05d6xx,6
m.05qss9,6
m.0fw8x1,6
m.0gt1k,6
m.02vzpb,6
m.0308n2,6
m.0bf1f1,6
m.05brls,6
m.03zyv4,6
m.04w6td,6
m.04dsnp,6
m.05y440,6
m.05z28g,6
m.08gg47,6
m.056tnb,6
m.01_5px,6
m.02ydbz,6
m.02x6dqb,6
m.05v6jy,6
m.04f2h9q,6
m.08vsry,6
m.024mxd,6
m.06hhl4,6
m.06wp7r,6
m.0992d9,6
m.026jcx4,6
m.03bwnf,6
m.04j2tjk,6
m.089c83,6
m.0818gg,6
m.0cnw7k,6
m.07r8jy,6
m.084wx_,6
m.06h9zj,6
m.02dq6z,6
m.012bk7,6
m.06yr5b,6
m.01915h,6
m.02fxx9,6
m.03pr8r,6
m.03gn8d,6
m.036g88,6
m.0h72s_,6
m.0d3rz2,6
m.02vrt_0,6
m.07gxzx,6
m.0513fcb,6
m.05sjt9,6
m.031smq,6
m.09m5f_,6
m.04qw17,6
m.03cv1t,6
m.03bxrfz,6
m.02rjb4,6
m.04y663q,6
m.017yv4,6
m.04193s,6
m.01rwpj,6
m.0340hj,6
m.032yft,6
m.0h7l2,6
m.03nfnx,6
m.08mszt,6
m.0d7w7t,6
m.0fz80g,6
m.01f8f7,6
m.0gzlb9,6
m.078sj4,6
m.01cb7r,6
m.04x4h9,6
m.016lmz,6
m.0198b6,6
m.05pt0l,6
m.055b0h,6
m.05rqms,6
m.02ssvp,6
m.09fgyt,6
m.03d7rz,6
m.067pbj,6
m.0cmdm1,6
m.0ctnxn,6
m.062nf8,6
m.097j2g,6
m.01z83f,5
m.05_0nr,5
m.04h14p,5
m.03mh94,5
m.0kvd8n,5
m.0c4mcp,5
m.0548xg,5
m.01sxdy,5
m.04x4rr,5
m.0czthm,5
m.03q0r1,5
m.088h_p,5
m.015wq4,5
m.094dnx,5
m.047qqxt,5
m.02r88lg,5
m.05b4ygh,5
m.03_pqq,5
m.03t95n,5
m.012bjc,5
m.06974q,5
m.04kwxf,5
m.0419kt,5
m.015qn2,5
m.066z5r,5
m.015yl2,5
m.05z1lf,5
m.0djn7t,5
m.05mc7l,5
m.0sxkh,5
m.0414_3,5
m.0jsfp,5
m.03nnsy,5
m.0731q8,5
m.065_f8,5
m.0dlyzx,5
m.02806g,5
m.01shy7,5
m.0fkn6k,5
m.03gn80,5
m.075ztz,5
m.08cfr1,5
m.05syn7s,5
m.06r7r1,5
m.04j2m8r,5
m.05hsmb,5
m.03xffj,5
m.06krf3,5
m.0c80lf,5
m.037ld1,5
m.0dyzm9,5
m.03tb__,5
m.05hsfn,5
m.0d7z7_,5
m.01hqk,5
m.045j3w,5
m.0b6qm3,5
m.07pzhsf,5
m.0830vk,5
m.06ptw1,5
m.04k12v,5
m.05l1ky,5
m.06j3vq,5
m.096z6g,5
m.050gjl,5
m.0f_5yn,5
m.03b_h1l,5
m.0dlh03,5
m.06y611,5
m.01l310,5
m.0brs6b,5
m.03t6l4,5
m.0460l2,5
m.04n6vgs,5
m.04n3c8_,5
m.026hpg_,5
m.02rrh1w,5
m.01kqq7,5
m.057lbk,5
m.0bmssv,5
m.02bj22,5
m.061dj0,5
m.0bvl4h,5
m.04f74c,5
m.0d61px,5
m.0233bn,5
m.0m_kq,5
m.03cysp3,5
m.01_wtq,5
m.02d48t,5
m.02b0l5,5
m.08h8cd,5
m.044kx3,5
m.07nhm,5
m.02thj_,5
m.031_m3,5
m.08mc_x,5
m.03cfkrw,5
m.03g841,5
m.06z8hq,5
m.0djsl1,5
m.095z4q,5
m.065ft1,5
m.032003,5
m.016yxn,5
m.04xp9b,5
m.04jw07,5
m.03b1y_,5
m.05f7xf,5
m.075xrl,5
m.01z6qv,5
m.027_w5b,5
m.08n7j5,5
m.02vrd4z,5
m.04qyjx,5
m.0346m0,5
m.07p12s,5
m.02bjg0,5
m.091w4_,5
m.03wc5fn,5
m.01yttf,5
m.025cm9,5
m.04nyc_,5
m.09qljs,5
m.02_fm2,5
m.03r591,5
m.04vmhy,5
m.04_c1n,5
m.0hv3z,5
m.0cv6lc,5
m.04jl57t,5
m.05m0x0,5
m.01_41z,5
m.01mqjj,5
m.034m7p,5
m.09hfdw,5
m.01j1rb,5
m.03mhh8c,5
m.027dbtt,5
m.03kg2v,5
m.0k5jp,5
m.0f52ld,5
m.040ntm,5
m.08l918,5
m.06w28q,4
m.04h3br,4
m.0h3tn9,4
m.09br3v,4
m.015gjc,4
m.047dvdb,4
m.0bjp8w,4
m.0gghb_,4
m.04xx9s,4
m.04v8w5,4
m.0b86mf,4
m.01hdzl3,4
m.04frx1,4
m.03kk01,4
m.01vg8l,4
m.05tgks,4
m.0cd3kf,4
m.094fc7,4
m.03c_lhp,4
m.03z20c,4
m.0439y7,4
m.08jh6n,4
m.06dskb,4
m.04nlb94,4
m.09sggz,4
m.073kjj,4
m.014knw,4
m.0947tg,4
m.04n_w7,4
m.02mzvv,4
m.0571xc,4
m.0276vdh,4
m.06_qd6,4
m.04cwd9,4
m.07_czc,4
m.07wmn_,4
m.03w0kv,4
m.047nzpn,4
m.08ck1h,4
m.02q1hzy,4
m.06lp10,4
m.07cj2v,4
m.04k1hd,4
m.04y338,4
m.03k9cq,4
m.02vxqgf,4
m.026fm_6,4
m.06_nny,4
m.072dn5,4
m.07cx07,4
m.02vjp3,4
m.0bm7x,4
m.0b_zqd8,4
m.0b77v3j,4
m.02mnh3,4
m.06sq76,4
m.07hnfn,4
m.02n72k,4
m.0gzw6z,4
m.08ljr5,4
m.016kn6,4
m.09jbn5,4
m.0crt66q,4
m.027f4b4,4
m.04qkcl,4
m.060_dp,4
m.06dt2r,4
m.0gz7kl,4
m.0kv6pf,4
m.06n4_l,4
m.0625dx,4
m.01p0rd,4
m.0b9t_3,4
m.04zzjh,4
m.0gfzfj,4
m.02j68v,4
m.026vlj,4
m.03dy7k,4
m.0284b56,4
m.02qg790,4
m.069t4y,4
m.05h1qj,4
m.06039f,4
m.07m7ls,4
m.02hfk5,4
m.02v_4g0,4
m.015wmg,4
m.0kb6b,4
m.089d0v,4
m.0bxxzb,4
m.0cdz6j,4
m.055vny,4
m.02d003,4
m.03mm31,4
m.05msx2,4
m.02r04s1,4
m.0d2st0,4
m.01yzvd,4
m.09sh8k,4
m.02ntb8,4
m.0bgklx,4
m.01zn6d,4
m.052g0w,4
m.0bhgqnp,4
m.0crrp4b,4
m.04n3tmy,4
m.07hkrf,4
m.028xg0,4
m.05sy5dr,4
m.04j1h9n,4
m.0c5skt,4
m.06_68d,4
m.026g2gb,4
m.0n0bp,4
m.0d2qw8,4
m.02qh6t4,4
m.023q01,4
m.03z9gq,4
m.08skw4,4
m.0crrz6p,4
m.037q31,4
m.04cbbz,4
m.0c01vd9,4
m.04_g15,4
m.03qfh7,4
m.0f2sx4,4
m.0b87gw,4
m.0h14ln,4
m.041ggx,4
m.09bpft,4
m.0blfq5,4
m.0c8d07,4
m.0sxk3,4
m.057yc8,4
m.08jfdl,4
m.0p7q7,4
m.04tty2,4
m.01xwxk,4
m.0dgcgl,4
m.0hv63,4
m.0c8flq,4
m.077x3n,4
m.07dz2s,4
m.03ymw7,4
m.03t2r3,4
m.08d1dj,4
m.08_pq1,4
m.027ygy,4
m.01s43f,4
m.04y364,4
m.05znxp6,4
m.0m_vf,4
m.040n6j,4
m.0jhpk,4
m.05p258,4
m.07v8_d,4
m.0dbjqn,4
m.072r5v,4
m.04rxsz,4
m.06s1n4,4
m.08yv3gz,4
m.075cp1,4
m.04vfh1,4
m.06b990,4
m.06_wvvd,3
m.018nnz,3
m.0b5644,3
m.0337v7,3
m.06yc6v,3
m.0bm2x,3
m.04j2b_y,3
m.032zq6,3
m.026pzbg,3
m.080dh92,3
m.05md6s,3
m.055wd4,3
m.025_5c,3
m.0d2fvy,3
m.07w_vt,3
m.07ftxt,3
m.043ncp,3
m.03c3fj1,3
m.045xzm,3
m.0dk1cw,3
m.019305,3
m.094f4n,3
m.02ml14,3
m.06sfk6,3
m.094d7k,3
m.05cql0,3
m.03prz_,3
m.01pptc,3
m.02cxj_,3
m.04p5x8,3
m.03xx2x,3
m.07g3px,3
m.04963s,3
m.051tnm,3
m.06gvhx,3
m.04bfqy,3
m.0gcwj9,3
m.0cthm5,3
m.05ppy,3
m.0316hv,3
m.02rlk96,3
m.03zch0,3
m.0168ls,3
m.042zrm,3
m.0b69_b,3
m.047vm00,3
m.0q23s,3
m.078958,3
m.03cygf,3
m.06dq4r,3
m.04mvhr,3
m.0dk285,3
m.08sfxj,3
m.03n0cd,3
m.0kt_4,3
m.0kvc1p,3
m.03qtpl,3
m.07bj76,3
m.04ctwyf,3
m.03_sd3,3
m.06v9_x,3
m.06z_gy,3
m.079h70,3
m.052_dz,3
m.0prcz,3
m.05dpjl,3
m.0c2x61,3
m.01pzf8,3
m.08jblf,3
m.01dbjh,3
m.04x3nn,3
m.01cwjw,3
m.027stvn,3
m.02cbg0,3
m.0b4rz4,3
m.01gbd4,3
m.0fs0m9,3
m.0k4kk,3
m.01n7sz,3
m.04tz52,3
m.03kp2l,3
m.06wmvw,3
m.03cy8s,3
m.0386bw,3
m.0q05k,3
m.095k_x,3
m.01hjmv,3
m.02ry6wf,3
m.0cjw2s,3
m.01rnly,3
m.01fccs,3
m.031bd0,3
m.065v29,3
m.0bmpm,3
m.0kt_q7,3
m.0dcz8_,3
m.03l0dw,3
m.0466pq8,3
m.06vmt_,3
m.0bf_l7,3
m.026wlxw,3
m.04rk7s,3
m.04kpwd,3
m.08489x,3
m.029lg9,3
m.07ftpp,3
m.032xx4,3
m.03tt1c,3
m.048j2s,3
m.068rr4,3
m.08bg72,3
m.0970rb,3
m.037c_d,3
m.08cqcr,3
m.060v34,3
m.02z5kmx,3
m.0bqvqq,3
m.014g2j,3
m.034vk8,3
m.06yykb,3
m.030zf9,3
m.06kzhp,3
m.08wdns,3
m.07t1xb,3
m.01br2w,3
m.0gx0my,3
m.01wx8d,3
m.08jbqd,3
m.02p2tk,3
m.018zck,3
m.04x4v5,3
m.05nd58,3
m.05spkm,3
m.03p5xc,3
m.04txpl,3
m.0473rc,3
m.04k_p0,3
m.06mvzw,3
m.04h3cf,3
m.0dxm65,3
m.03nlr5,3
m.06_z5q,3
m.03q4qb,3
m.02b0cz,3
m.07nt4j,3
m.0gnrf,3
m.04tyv5,3
m.0c7tp5,3
m.0834qx,3
m.063h6k,3
m.08vczx,3
m.051q1k,3
m.0c51by,3
m.08vyhc,3
m.07m220,3
m.05cxdn,3
m.029t7x,3
m.05fm6m,3
m.06g77c,3
m.0h0wd9,3
m.05fkxp,3
m.04_c19,3
m.04gqtq9,3
m.04k9y6,3
m.02823rl,3
m.0521f9f,3
m.09m6vx,3
m.06r6x8,3
m.08xlxr,3
m.074bbz,3
m.021z_k,3
m.09gkpz,3
m.03cffvv,3
m.029039,3
m.02p8gn,3
m.027q4l_,3
m.06vbd_,3
m.09kysc,3
m.02pt7wb,3
m.0cqtkg,3
m.07yt8m,3
m.02qptl0,3
m.0h73n6,3
m.07rhl9,3
m.0bcs_f,3
m.0bxhkt5,3
m.0dtp46,3
m.02rzn2b,3
m.0f1vf7,3
m.0gymhp,3
m.03nmqp,3
m.0jqys,3
m.02krdz,3
m.0d2q7s,3
m.06229n,3
m.04gm6h,3
m.0257s3,3
m.0bx8nm,3
m.02gqm3,3
m.0bxq_w,3
m.02plvgj,3
m.03tqyc,3
m.09v4ff,3
m.01f7b2,3
m.04h3j4,3
m.03xb1g,3
m.02tjl3,3
m.03m7231,3
m.09g8dv,3
m.03m4mj,3
m.0353b9,3
m.0fm67q,3
m.09dzvh,3
m.06c_pt,3
m.05vvts,3
m.0h5y0v,3
m.028b83l,3
m.03l6q0,3
m.0p4v_,3
m.03jzs6,3
m.02p86pb,3
m.084q54,3
m.01pwpj,3
m.019nsz,3
m.0jrdg,3
m.0hqpp,3
m.09yt42,3
m.0b_qk2,3
m.02wwhq_,3
m.0gy4k,3
m.03x_yfl,3
m.0f0zlb,3
m.0bl06,3
m.032_t_,3
m.02v7x2,3
m.06dw3c,3
m.080986x,3
m.02v5r5,3
m.09yqhw,2
m.03z2ph,2
m.097qd6,2
m.05r8zy,2
m.05qr83,2
m.0cl19v,2
m.07f9c2,2
m.09wnnb,2
m.03njdv,2
m.039lgd,2
m.027t50w,2
m.04tng0,2
m.0bvmpy9,2
m.02zvq2,2
m.0bvrq89,2
m.0kv9d3,2
m.04jdgq,2
m.09c_lj,2
m.02l_j_,2
m.07zsmk,2
m.03_91z,2
m.03813g,2
m.07k4wk2,2
m.04c8th,2
m.03bc42,2
m.0d2pd7,2
m.01bwgr,2
m.06kyc4,2
m.02lk38,2
m.0bq8tr,2
m.0drndg,2
m.05r1cs,2
m.02qfs0,2
m.016kv6,2
m.05v7hrx,2
m.06gh71,2
m.063_3f,2
m.0426fc,2
m.05b7dt,2
m.06m9j3,2
m.0gznkp,2
m.0b7ydt,2
m.03vny7,2
m.0856pm,2
m.015gm_,2
m.0680y4,2
m.04nssc,2
m.03d05ct,2
m.03y9n_,2
m.02c6d,2
m.02r_pp,2
m.0d0stl,2
m.01gglm,2
m.03__xl,2
m.09xpdy,2
m.048kb8,2
m.068_g,2
m.04325d,2
m.0dv32x,2
m.04y5ky7,2
m.02dvnt,2
m.044g_k,2
m.09rcwd,2
m.0fyt9h,2
m.05f8tn,2
m.06j0dk,2
m.051qyy,2
m.0j3n5,2
m.05k2xy,2
m.05x6nr,2
m.03nqwzl,2
m.06t6dz,2
m.0gg285,2
m.03l3hv,2
m.0j90s,2
m.0cw7q6,2
m.04w2fv,2
m.02ppcd4,2
m.099_dw,2
m.01bjj6,2
m.05c9zr,2
m.04h3m_,2
m.04d9m7,2
m.05rx3h,2
m.04fblm,2
m.01ydpv,2
m.0dw4y1,2
m.01pk7l,2
m.05mmgd,2
m.0gltfv,2
m.02cky7,2
m.04d_mvd,2
m.04l68f,2
m.03y5st,2
m.059925,2
m.06xxyy,2
m.032xs6,2
m.04_bvj,2
m.0h61g8,2
m.0b9qwr,2
m.0g0x9c,2
m.02268v,2
m.02wk_5,2
m.079s_7,2
m.04v8h1,2
m.09pyqc,2
m.02qrrgg,2
m.06mpjq,2
m.01h3y_,2
m.02jfst,2
m.08hgpt,2
m.0gtx36r,2
m.04f_3ym,2
m.042vk0,2
m.01_v4b,2
m.044vd3,2
m.01gvts,2
m.073cyc,2
m.014k4y,2
m.05c8xf,2
m.09c6_x,2
m.044kkf,2
m.025skpr,2
m.0g_xzy,2
m.0dddh03,2
m.07xxt4,2
m.02rjv2w,2
m.02vyyj6,2
m.015gv2,2
m.0gt35,2
m.06f9k_,2
m.03mvtj,2
m.0ktv7,2
m.06bvb7,2
m.08x6vf,2
m.088jb3,2
m.09n0nb,2
m.0c0j58,2
m.02ndcl,2
m.05zr7m,2
m.05gsx0,2
m.09jb0t,2
m.04q31tk,2
m.01n910,2
m.05nhs9,2
m.071qr3,2
m.01f8gz,2
m.0ccz20,2
m.06vnxk,2
m.04h5k9,2
m.0fr63l,2
m.07c5kt,2
m.08hxvl,2
m.0dmn65,2
m.03c62p4,2
m.01w8g3,2
m.04cw79,2
m.0kvg94,2
m.02cp0b,2
m.0599ch,2
m.04nqyb,2
m.03ntbmw,2
m.035_2h,2
m.049932,2
m.06pgf2,2
m.02qgrl6,2
m.0409zp,2
m.036p6v,2
m.04jrzl,2
m.0bkq7,2
m.0381_9,2
m.096rkm,2
m.0f9l58,2
m.03tsz3,2
m.01y8zw,2
m.01hbdd,2
m.0bqnt_,2
m.08836b,2
m.04n2c6w,2
m.01pk75,2
m.03dymt,2
m.02ycfn,2
m.01ypzw,2
m.047hq,2
m.042g97,2
m.09g95_c,2
m.07mp6m,2
m.07yvsn,2
m.0f84n0,2
m.04td_,2
m.0bccsx,2
m.02d90q,2
m.01ln7k,2
m.015qrk,2
m.0g7xmq,2
m.02nwz8,2
m.0cchnx,2
m.0cn_b8,2
m.06w1x9,2
m.085480,2
m.02qrv7,2
m.02psgq,2
m.07z4tt,2
m.027rtg8,2
m.03ydvbz,2
m.071j0p,2
m.04hxvw,2
m.0413tm,2
m.09rjlzd,2
m.06qbrw,2
m.026n4h6,2
m.08q72t,2
m.027tzr,2
m.0ph12,2
m.03s5d2,2
m.03yfc89,2
m.0jqll,2
m.05n1pq,2
m.02vq583,2
m.02qg4xb,2
m.05zk8jx,2
m.03_8cd,2
m.06d9bs,2
m.03qfwq7,2
m.0270vjm,2
m.03tp5h,2
m.02r8x3z,2
m.086s7z,2
m.0636yq,2
m.027x8m4,2
m.01kr6y,2
m.05702n,2
m.0dy5gj,2
m.04p7q_,2
m.05p09dd,2
m.09rvx5,2
m.07k3zl,2
m.055z9d,2
m.0dtw1x,2
m.02qgv0b,2
m.0bq8tc,2
m.0bktb,2
m.0jvt9,2
m.0192hw,2
m.03sdxk,2
m.07bp0,2
m.04xdwm,2
m.08j5d8,2
m.04392n,2
m.07_jvv,2
m.0ctxlv,2
m.087_1s,2
m.04y1y1,2
m.04z5ml,2
m.0fgpvf,2
m.05w1b3,2
m.04954r,2
m.02qg_qm,2
m.018_s9,2
m.01gwbq,2
m.09hfyy,2
m.0ddf9m,2
m.013xw8,2
m.0d35h1,2
m.07x6zk,2
m.028cg00,2
m.0ctnx9,2
m.02dtms,2
m.06q8qh,2
m.02xx4s,2
m.03nvnqk,2
m.0gnld,2
m.0ck_1y,2
m.04f52y4,2
m.03d48mg,2
m.0b7bvq,2
m.0c05g3,2
m.06dznl,2
m.08bzl3,2
m.07h6_q,2
m.0970lg,2
m.08dk0b,2
m.0gkrkhg,2
m.03tpl2,2
m.0prk8,2
m.03whyrr,2
m.02q0v8n,2
m.04l40p,2
m.012j7h,2
m.0gbs1h,2
m.0hqdd,2
m.07_gdn,2
m.04sn95,2
m.0_8vl,2
m.09b4sb,2
m.04x4nh,2
m.07bxnb,2
m.09f38n,2
m.027m5wv,2
m.02wjh2,2
m.01vg4k,2
m.056p3k,2
m.04j1mv4,2
m.0fhgzq,2
m.0cdwjp,2
m.03ksnh,2
m.02g0rt,2
m.04dwzs,2
m.02p16n,2
m.03ky47,2
m.04pxsq4,2
m.09pt4v,2
m.07n3hz,2
m.09qycb,2
m.03_37m,2
m.0cm37s,2
m.0swhj,2
m.01r7nl,2
m.04c3jd,2
m.06t6vl,2
m.0vjq0,2
m.0crhxl,2
m.04j14qc,2
m.0fh91q,2
m.02ppwvx,2
m.0f2l9k,2
m.0cztlq,2
m.03cz2f,2
m.02789mt,2
m.02rqhk,2
m.0d18bq,2
m.0n05g,2
m.08yf3q,2
m.01fwzk,2
m.025sd45,2
m.0jz6n,2
m.067rvc,2
m.070sl4,2
m.034qmv,2
m.0b9rdk,2
m.06l9q0,2
m.05t05hj,2
m.043dz8,2
m.0dmln6,2
m.04fv_9,2
m.01gvsn,2
m.0dmqyj,2
m.02rdyyz,2
m.01jvb5,2
m.05zq5_,2
m.0729lc,2
m.06_xrn,2
m.05y0cr,2
m.0272_vz,2
m.0b669jb,2
m.01_bnz,2
m.09zn92,2
m.01vg4x,2
m.07g8wz,2
m.03sk83,2
m.0bf1fd,2
m.042222,2
m.04yb7k4,2
m.0381w4,2
m.048r1l,2
m.076cw4,2
m.082dqx,2
m.02k4tj,2
m.0gt07,2
m.0gm2_0,2
m.02q2br,2
m.03lwq3,2
m.0cc2r_,2
m.07yr62,2
m.0301pn,1
m.04gz04,1
m.03h5qb,1
m.0gkdl1v,1
m.02rdyx7,1
m.01ltpw,1
m.02vxzvr,1
m.06wp_k,1
m.0765dp,1
m.0f8t7l,1
m.0g4lfl,1
m.0cc7kxx,1
m.07p62k,1
m.03k2y5,1
m.0620fw,1
m.08vvv4,1
m.02_hht,1
m.08qzsc,1
m.027njn,1
m.06y94g,1
m.01h3p3,1
m.027r7k,1
m.04crrd7,1
m.03vyhn,1
m.0kvgkk,1
m.07dzr6,1
m.092zhs,1
m.040280,1
m.051lq6,1
m.05_n7z,1
m.026yk2c,1
m.04dsvk,1
m.026mfdt,1
m.0gysrn1,1
m.08tdrs,1
m.05_lhx,1
m.039q43,1
m.09shgs,1
m.06z5rr,1
m.06z50f,1
m.026rrf_,1
m.0705k1,1
m.072192,1
m.01pjzv,1
m.0f1fx8,1
m.02jsh9,1
m.02ml1k,1
m.039xvx,1
m.04q986h,1
m.0dv0yn,1
m.0drg_v,1
m.0fbdcb,1
m.06tpmy,1
m.0dzfkh,1
m.04g9gd,1
m.0f7__b,1
m.03_njz,1
m.02wysmp,1
m.05spvb,1
m.08gsvw,1
m.026st_d,1
m.0kv0l0,1
m.01bj7c,1
m.09mjxy,1
m.0gqh1n,1
m.05fc8m,1
m.09w7d0,1
m.06rqwp,1
m.0dzkns,1
m.03gtd4,1
m.0gbr30,1
m.07d30r,1
m.02qd4l7,1
m.05fmtz,1
m.0338dg,1
m.03gqqb5,1
m.02tgjn,1
m.0193ch,1
m.02q487,1
m.05p8z8v,1
m.0k5nq,1
m.07gf00,1
m.03clwtw,1
m.024tb7,1
m.03xdyj,1
m.02bqvs,1
m.06g_zh,1
m.024j4p,1
m.058f71,1
m.098fq7,1
m.074wld,1
m.03tl01,1
m.0fx18n,1
m.05jvry,1
m.06gkgy,1
m.0crsfvz,1
m.04jpk2,1
m.027r7fn,1
m.084zn8,1
m.040mw3,1
m.0p9rz,1
m.09k_vl,1
m.06w44l,1
m.0f1vgm,1
m.05k676,1
m.07jyv8,1
m.0ckrnn,1
m.08cjy8,1
m.05sjl4,1
m.048yqf,1
m.027fv05,1
m.027fwmt,1
m.08bzc3,1
m.0496t9,1
m.0kb7w,1
m.027m3dq,1
m.09p3_s,1
m.074f6p,1
m.0cq86w,1
m.0c36n7b,1
m.02mxkv,1
m.09z2yf,1
m.07n1ty,1
m.02z3rqk,1
m.05f7n8x,1
m.070tyg,1
m.05ggnq,1
m.0fg23x,1
m.0gbls41,1
m.0kv2l4,1
m.03h5wg7,1
m.0dqcs3,1
m.0695g8,1
m.05x3h9,1
m.04w2c6,1
m.09bww2,1
m.0cykzs,1
m.0gxyd6,1
m.06hr1m,1
m.07gk72,1
m.0323y3,1
m.0gslf1,1
m.07g_0c,1
m.0284wd7,1
m.01wb95,1
m.0194zl,1
m.0f3k1s,1
m.043h78,1
m.057trs,1
m.04y20p,1
m.0b6jfrc,1
m.09bcv0,1
m.04rg8v,1
m.07twtv8,1
m.0gkr0pf,1
m.059t_2,1
m.0dq7ft,1
m.0byw5v,1
m.02qh9tj,1
m.072hx4,1
m.026mfbr,1
m.026p_4l,1
m.0ff0ht,1
m.066m_5,1
m.09f73s,1
m.027m1_,1
m.0d1s9b,1
m.06s4qp,1
m.0kv72r,1
m.0844xc,1
m.01q3y4,1
m.0glt1,1
m.0dd5xy,1
m.07lf83,1
m.02qbnls,1
m.0gbqk2,1
m.02kvpf,1
m.034rv2,1
m.0844ht,1
m.012cjj,1
m.02jygq,1
m.05dj6d,1
m.02w7c9c,1
m.05jp8w,1
m.0bhrx3,1
m.0278j53,1
m.04z48q,1
m.04kfh9,1
m.0dvdj0,1
m.02hm13,1
m.01fd9_,1
m.0173wl,1
m.0g_7k_,1
m.0k4m8,1
m.09ykqc,1
m.031f_m,1
m.05fkhv,1
m.04cw9h,1
m.03kgs2,1
m.0blqdm,1
m.02ttcy,1
m.04y8pc,1
m.05g1dn,1
m.06jh_v,1
m.04gp_7,1
m.05mz7k,1
m.05h67c,1
m.05ypj5,1
m.0c9t0y,1
m.09v54x,1
m.06911k,1
m.02ttlq,1
m.06c753,1
m.069y3h,1
m.04_lh4,1
m.08487v,1
m.04j1yl,1
m.0818hw,1
m.0377m8,1
m.08tw45,1
m.0g99cw,1
m.0bxfs1,1
m.08718k,1
m.04f46y,1
m.0kb5_,1
m.0kvfd1,1
m.0b3nrz,1
m.06m0gr,1
m.0776n6,1
m.0337y9,1
m.067l_r,1
m.01t8m2,1
m.07phbc,1
m.026pztl,1
m.05prd5,1
m.06fhmt,1
m.0gldyz,1
m.0kvcs2,1
m.03cj29,1
m.0545gy,1
m.09fkxv,1
m.07yp85,1
m.08m7pl,1
m.02gl_f,1
m.0kb1g,1
m.01lq3x,1
m.06l2pj,1
m.06d36z,1
m.0cmmv4,1
m.04jkhr,1
m.07nz_,1
m.02r8_g6,1
m.0177rv,1
m.02p_pqh,1
m.07v858,1
m.0fm079,1
m.02qyt90,1
m.05jc7z,1
m.0h224p,1
m.05vn_v,1
m.09w8wv,1
m.08481w,1
m.04jb_n0,1
m.023byx,1
m.0h73_g,1
m.05gh96,1
m.07s34m,1
m.0b3wz47,1
m.026ks2y,1
m.01bbd2,1
m.04qk12,1
m.08r3rb,1
m.05_mvf,1
m.01_x9p,1
m.0b5kwp,1
m.0bnfm4,1
m.0d3rr9,1
m.0c1p2z3,1
m.0g7f2q,1
m.06gvqz,1
m.08fn5b,1
m.06k8jd,1
m.08lwpy,1
m.0k48b,1
m.023p8g,1
m.01_86z,1
m.0_816,1
m.0fq1b3,1
m.05cqss,1
m.02qmsr,1
m.04sgl8,1
m.04ynx7,1
m.03gb_8,1
m.0dfy12,1
m.04d4tt,1
m.0c0rz3,1
m.0hqnw,1
m.01hjwf,1
m.05ch98,1
m.03c6f0_,1
m.04cy8y,1
m.0glhwy,1
m.0606zm,1
m.08pfr9,1
m.02v5nx,1
m.0bh75n,1
m.04x0b4,1
m.06d510,1
m.073f2t,1
m.0d7wvs,1
m.0c1_1c,1
m.0dl5mr,1
m.0b4vcg,1
m.03g_sj5,1
m.02wtp6,1
m.0f4yl5,1
m.07b0_l,1
m.02r5m4r,1
m.084__p,1
m.087hr4,1
m.0424gt,1
m.01q66w,1
m.0543j5,1
m.0b86qd,1
m.02x0y83,1
m.063zyv,1
m.0gnl0,1
m.08lr6s,1
m.06tqpj,1
m.03960s,1
m.06bbrh,1
m.031t9l,1
m.027rghz,1
m.0cw3yd,1
m.056rwf,1
m.03wy8t,1
m.05grhc,1
m.01_4fw,1
m.06fjkp,1
m.06rzwx,1
m.0gp_t6,1
m.052q5y,1
m.0bphhp,1
m.06ddkj,1
m.03_xdw,1
m.09ryvd,1
m.0gn2nm,1
m.04k37k,1
m.0gbr99,1
m.0dm43c,1
m.07nc_n,1
m.09ytp3,1
m.06yx8g,1
m.04w2h3,1
m.0m_m8,1
m.03cyslc,1
m.0404xj0,1
m.02mptd,1
m.02p7lzt,1
m.0f0_04,1
m.0gw5pjg,1
m.0fblh1,1
m.080wgg,1
m.0gyftr,1
m.0426cx,1
m.02rqwhl,1
m.03pyd6,1
m.0cs8p4c,1
m.047ndx,1
m.034r25,1
m.0bnxck,1
m.06zt03h,1
m.01tfy7,1
m.02r4y1,1
m.06c0ns,1
m.02877g1,1
m.01q7vwf,1
m.09xykf,1
m.0bn6jw,1
m.052q3r3,1
m.0db94w,1
m.012ccx,1
m.04lyrw,1
m.09w2sh,1
m.04jpk0f,1
m.054vqy,1
m.03gwfzp,1
m.04jfjzn,1
m.02rf_2h,1
m.079xmk,1
m.01s1wm,1
m.03cp2z2,1
m.09gm4h3,1
m.058dsy,1
m.05_5rjx,1
m.0kprr,1
m.0gszl,1
m.0bf79w,1
m.02vytc5,1
m.02rcdc2,1
m.05rb7d,1
m.07q2jv,1
m.06hz52,1
m.026qgmr,1
m.01r7ny,1
m.07ffzp,1
m.041rs4,1
m.04vb8b,1
m.01snqb,1
m.04zb1_,1
m.0bwq56,1
m.02rqfv,1
m.05hh4b,1
m.0bz6sq,1
m.01nr7q,1
m.04j31_r,1
m.0kpxf,1
m.0j_x5,1
m.05g9yx,1
m.088rwz,1
m.08m5h3,1
m.02p2hxv,1
m.0gh6kg6,1
m.05q848,1
m.0ptxj,1
m.06x77g,1
m.0cdkzm,1
m.02gtjg,1
m.043h5s,1
m.027l_s2,1
m.0ghsh1,1
m.03l3f7,1
m.027pgk8,1
m.076s_bb,1
m.05x4gk,1
m.0dnvn3,1
m.084lrs,1
m.02r4d_,1
m.093_k0,1
m.02pyf83,1
m.06wn11,1
m.055007,1
m.02x7410,1
m.02722jh,1
m.021fvl,1
m.0749gc,1
m.08b9wj,1
m.03wm8q,1
m.07dpd,1
m.04nkm_,1
m.0cc8c,1
m.0hx6r,1
m.032z3r,1
m.09gzq6,1
m.0fcbqs,1
m.06kl78,1
m.0hqy5,1
m.0dqvh3,1
m.0pt_5,1
m.01nv95,1
m.04j2qhf,1
m.02k_h,1
m.05t353,1
m.04dfrh,1
m.02cy7r,1
m.04dx1c,1
m.01296pb6,1
m.0d15yj,1
m.03qqd6,1
m.0crvcd6,1
m.05p7w6k,1
m.05syp82,1
m.02r4475,1
m.06p361,1
m.08l89m,1
m.0f9hwg,1
m.03w_g5,1
m.07gz1y,1
m.06jy_j,1
m.0db614,1
m.0fp5pq,1
m.0g5rsx1,1
m.067tcz,1
m.055crg,1
m.06yv1n,1
m.083d29,1
m.05dcnp,1
m.04r170,1
m.0k2yr,1
m.02rzb,1
m.063drh,1
m.027m67,1
m.0kvgyb,1
m.04ddm4,1
m.07c6yg,1
m.0h07hg,1
m.08jml6,1
m.08lx1z,1
m.02g5q1,1
m.03y9hsk,1
m.02pw90l,1
m.028bp43,1
m.02x0v53,1
m.02vp1f_,1
m.0c58tn,1
m.07tt4d,1
m.02r5dx9,1
m.0gw2qn,1
m.0cm5yf,1
m.026b79y,1
m.0svh8,1
m.08ldl8,1
m.013z3n,1
m.05q87h,1
m.07psnr,1
m.08ck7s,1
m.076y2d,1
m.06rqj9,1
m.09896k,1
m.015d7y,1
m.05hmgv,1
m.06c805,1
m.043ttfm,1
m.0dc284,1
m.0416xc,1
m.02rmcwr,1
m.04ybq9r,1
m.03typy,1
m.0cxw2d,1
m.05q82t,1
m.097y12,1
m.0cdz99,1
m.04xndx,1
m.02yx_d,1
m.0609cd,1
m.05smr2,1
m.05dy7p,1
m.08vf4y,1
m.04z4qx,1
m.025gb_,1
m.0bm914f,1
m.0662rd,1
m.048bnl,1
m.07jxpf,1
m.07s8ns2,1
m.01z0p2,1
m.0jqk4,1
m.0bvvx9,1
m.06_w4w3,1
m.04153z,1
m.0bh5bm,1
m.068_3t,1
m.027zml5,1
m.0776_t,1
m.053tj7,1
m.04_vft,1
m.04wxsb,1
m.0b3sw8,1
m.04kzqz,1
m.05d6w3,1
m.0b2f87,1
m.0286hvy,1
m.0fn46x,1
m.056qgs,1
m.03jzvf,1
m.095_xw,1
m.05mbzd,1
m.09dzy_,1
m.0g5mp9,1
m.03xx40,1
m.01gp1v,1
m.02vklgp,1
m.05dp5l,1
m.012c80,1
m.0b18vc,1
m.025y2v,1
m.09k4d3y,1
m.03sq24,1
m.028293v,1
m.07krnh,1
m.0b487v,1
m.07h_rj,1
m.04j1yrp,1
m.04yfwwz,1
m.07c0_4,1
m.048jc1,1
m.054vrm,1
m.07y9l5,1
m.03bbv4,1
m.070kfp,1
m.0c1w4s,1
m.06vgnr,1
m.074dk4,1
m.02w_b4,1
m.020x3x,1
m.0bq00y,1
m.026cs30,1
m.08sk8l,1
m.0h4lv,1
m.01jw67,1
m.0c7j26,1
m.08j6_m,1
m.07n9lm,1
m.03czr72,1
m.03sjgd,1
m.02qnxd8,1
m.05j6ln,1
m.06nkh0,1
m.09slmyx,1
m.085n3x,1
m.04y7337,1
m.08s6ry,1
m.04p80y,1
m.07334n,1
m.051d_lj,1
m.05dkrl,1
m.02w3fs,1
m.0513py,1
m.0c2xsg,1
m.0cykc0,1
m.028bgtm,1
m.06j_4y,1
m.04w7rn,1
m.07l8f_,1
m.02yycl,1
m.04cf_l,1
m.02w_rgq,1
m.04j9m_,1
m.03ynp_,1
m.0gc744,1
m.06qf8d,1
m.02ktq2,1
m.066dp7,1
m.03kws6,1
m.0900j5,1
m.0bz3jx,1
m.0f1v1q,1
m.077l3r,1
m.083fl,1
m.06bc59,1
m.047qxs,1
m.0dpkp_,1
m.026fs38,1
m.06rwwf,1
m.084wv5,1
m.02pv8qc,1
m.05jhyk,1
m.088vdg,1
m.0kv8xv,1
m.04_gft,1
m.03rpcm,1
m.04fyc2,1
m.02g_hn,1
m.090w52,1
m.079xtj,1
m.02rg0c1,1
m.0240dj,1
m.05v101,1
m.027q2sx,1
m.08pqpg,1
m.01r9zb,1
m.02r45m,1
m.03dycx,1
m.05dcrv,1
m.0k40j,1
m.089j8p,1
m.07zjqm,1
m.07n06p,1
m.04ct02,1
m.074w86,1
m.04cy4p,1
m.04j34jp,1
m.06vwp4,1
m.08hntd,1
m.01dr_t,1
m.01t98w,1
m.0kv8_w,1
m.06sw7t,1
m.02py4c8,1
m.03msrn,1
m.09l98n,1
m.05gsq9,1
m.0192gm,1
m.079cts,1
m.044zmg,1
m.03zs87,1
m.0d58yy,1
m.04pg9v,1
m.075yg2,1
m.0prhz,1
m.03w99hd,1
m.0kv6m4,1
m.08ckmw,1
m.0fj3cf,1
m.09v460,1
m.07b2jc,1
m.07bxl4,1
m.04636kl,1
m.0bvr1pn,1
m.0cqt8p,1
m.08pz9v,1
m.08_wst,1
m.0c19wn,1
m.030l2j,1
m.07w6n3,1
m.09x9d0,1
m.027x7z5,1
m.04nnt5,1
m.03fk2x,1
m.01kp4q,1
m.0bzpmy,1
m.048r690,1
m.05m1ny,1
m.02vr3gz,1
m.0f7d2k,1
m.060rs5,1
m.06rq_4,1
m.043k3p3,1
m.01771z,1
m.0b1szl,1
m.08_ss4,1
m.02stxk,1
m.027nrnz,1
m.026sy10,1
m.05z5cp,1
m.03n7gj,1
m.0959db,1
m.02rqg5,1
m.07x56l,1
m.02qcb_x,1
m.04g01v,1
m.07tlfx,1
m.03k9n0,1
m.0b_tyz6,1
m.03yhy2,1
m.096mjj,1
m.0dl_jw,1
m.07jwm1,1
m.0gkrtx9,1
m.0n9qk,1
m.081ky0,1
m.04xfj_,1
m.0kvgtf,1
m.06lqd5,1
m.026g1hd,1
m.02qcvqk,1
m.072x72,1
m.04t3z2,1
m.0gbrk8,1
m.038jkz,1
m.0fhdck,1
m.04gcxn,1
m.07j9t1,1
m.0c8qq,1
m.086m54,1
m.04zm1f,1
m.04tqc2,1
m.0gkr997,1
m.03ndtd,1
m.08h039,1
m.0dqwvw,1
m.01jz08,1
m.09v9jb_,1
m.012cgw,1
m.04k852,1
m.0fphgb,1
m.08f40v,1
m.0dqytn,1
m.0bdxg07,1
m.0ghqnkd,1
m.03kyt8,1
m.07nvl4,1
m.08t6yk,1
m.03dq2m,1
m.08tg5n,1
m.05fmsx,1
m.02qb_g,1
m.04jvls,1
m.09m9v4,1
m.07qb96,1
m.05hm46,1
m.0125yp,1
m.01dybc,1
m.0c5d1c,1
m.0d53ny,1
m.033dk0,1
m.041b70,1
m.09p6m8,1
m.06dz71,1
m.06q1s8,1
m.03pt4y,1
m.043nnx2,1
m.0f00sg,1
m.07n90q,1
m.02qr8lh,1
m.01l73s,1
m.0148pr,1
m.06s9nw,1
m.02pwwql,1
m.04007r,1
